<?xml version="1.0" encoding="UTF-8"?>
<beans xmlns="http://www.springframework.org/schema/beans"  
   xmlns:xsi="http://www.w3.org/2001/XMLSchema-instance"
       xmlns:mvc="http://www.springframework.org/schema/mvc"
       xmlns:p="http://www.springframework.org/schema/p"
       xmlns:aop="http://www.springframework.org/schema/aop"
       xmlns:tx="http://www.springframework.org/schema/tx"
       xsi:schemaLocation="http://www.springframework.org/schema/beans
       http://www.springframework.org/schema/beans/spring-beans-3.0.xsd
       http://www.springframework.org/schema/aop 
       http://www.springframework.org/schema/aop/spring-aop-3.0.xsd
       http://www.springframework.org/schema/tx
       http://www.springframework.org/schema/tx/spring-tx-3.0.xsd
       http://www.springframework.org/schema/context 
       http://www.springframework.org/schema/context/spring-context-3.0.xsd
       http://www.springframework.org/schema/mvc  
       http://www.springframework.org/schema/mvc/spring-mvc-3.0.xsd
	 http://www.springframework.org/schema/beans/spring-beans-3.2.xsd"
	 xmlns:context="http://www.springframework.org/schema/context">
 	
 	
 	<!-- 自动扫描 -->  
    <context:component-scan base-package="com" />
    
 	<bean id="propertyConfigurer" class="org.springframework.beans.factory.config.PropertyPlaceholderConfigurer">
        <property name="locations">
            <list>
                <value>classpath:jdbc.properties</value>
            </list>
        </property>
    </bean>
	<bean id="dataSource" class="com.alibaba.druid.pool.DruidDataSource" init-method="init" destroy-method="close">
        <!-- 数据库基本信息配置 -->
        <property name="driverClassName" value="${jdbc.driverClassName}" />
        <property name="url" value="${jdbc.main.url}" />
        <property name="username" value="${jdbc.main.username}" />
        <property name="password" value="${jdbc.main.password}" />       
        <!-- 初始化连接数量 -->
        <property name="initialSize" value="${jdbc.minPoolSize}" />
        <!-- 最大并发连接数 -->
        <property name="maxActive" value="${jdbc.maxPoolSize}" />
        <!-- 最小空闲连接数 -->
        <property name="minIdle" value="${jdbc.minIdleTime}" />
        <!-- 配置获取连接等待超时的时间 -->     
        <property name="maxWait" value="${jdbc.maxWait}" />
        <!-- 超过时间限制是否回收 -->
        <property name="removeAbandoned" value="${jdbc.removeAbandoned}" />
        <!-- 超过时间限制多长； -->
        <property name="removeAbandonedTimeout" value="${jdbc.removeAbandonedTimeout}" />
        <!-- 配置间隔多久才进行一次检测，检测需要关闭的空闲连接，单位是毫秒 -->
        <property name="timeBetweenEvictionRunsMillis" value="${jdbc.timeBetweenEvictionRunsMillis}" />
        <!-- 配置一个连接在池中最小生存的时间，单位是毫秒 -->
        <property name="minEvictableIdleTimeMillis" value="${jdbc.minEvictableIdleTimeMillis}" />
        <!-- 用来检测连接是否有效的sql，要求是一个查询语句        -->
        <property name="validationQuery" value="${jdbc.validationQuery}" />

        <!-- 申请连接的时候检测 -->
        <property name="testWhileIdle" value="${jdbc.testWhileIdle}" />
        <!-- 申请连接时执行validationQuery检测连接是否有效，配置为true会降低性能 -->
        <property name="testOnBorrow" value="${jdbc.testOnBorrow}" />
        <!-- 归还连接时执行validationQuery检测连接是否有效，配置为true会降低性能  -->
        <property name="testOnReturn" value="${jdbc.testOnReturn}" />
        <!-- 打开PSCache，并且指定每个连接上PSCache的大小 oracle使用
        <property name="poolPreparedStatements" value="${jdbc.poolPreparedStatements}" />    
        <property name="maxPoolPreparedStatementPerConnectionSize" value="${jdbc.maxPoolPreparedStatementPerConnectionSize}" />-->
        <!--属性类型是字符串，通过别名的方式配置扩展插件，常用的插件有：                
	                监控统计用的filter:stat
	                日志用的filter:log4j
	               防御SQL注入的filter:wall -->
        <property name="filters" value="${jdbc.filters}" />      
    </bean>
<!-- spring和MyBatis完美整合，不需要mybatis的配置映射文件 -->  
    <bean id="sqlSessionFactory" class="org.mybatis.spring.SqlSessionFactoryBean">  
        <property name="dataSource" ref="dataSource" />  
        <!-- 自动扫描mapping.xml文件 -->  
        <property name="mapperLocations" value="classpath:com/my/test/mapper/*.xml"></property>  
    </bean>  
  
    <!-- DAO接口所在包名，Spring会自动查找其下的类 -->  
    <bean class="org.mybatis.spring.mapper.MapperScannerConfigurer">  
        <property name="basePackage" value="com.my.test.mapper" />  
        <property name="sqlSessionFactoryBeanName" value="sqlSessionFactory"></property>  
    </bean>  
  
    <!-- (事务管理)transaction manager, use JtaTransactionManager for global tx -->  
    <bean id="transactionManager"  
        class="org.springframework.jdbc.datasource.DataSourceTransactionManager">  
        <property name="dataSource" ref="dataSource" />  
    </bean>
</beans>