<?xml version="1.0" encoding="UTF-8"?>
<beans xmlns="http://www.springframework.org/schema/beans"
       xmlns:xsi="http://www.w3.org/2001/XMLSchema-instance"
       xmlns:mvc="http://www.springframework.org/schema/mvc"
       xmlns:p="http://www.springframework.org/schema/p"
       xmlns:aop="http://www.springframework.org/schema/aop"
       xmlns:tx="http://www.springframework.org/schema/tx"
       xsi:schemaLocation="http://www.springframework.org/schema/beans
       http://www.springframework.org/schema/beans/spring-beans-3.0.xsd
       http://www.springframework.org/schema/aop 
       http://www.springframework.org/schema/aop/spring-aop-3.0.xsd
       http://www.springframework.org/schema/tx
       http://www.springframework.org/schema/tx/spring-tx-3.0.xsd
       http://www.springframework.org/schema/context 
       http://www.springframework.org/schema/context/spring-context-3.0.xsd
       http://www.springframework.org/schema/mvc  
       http://www.springframework.org/schema/mvc/spring-mvc-3.0.xsd" 
       xmlns:context="http://www.springframework.org/schema/context"
       default-autowire="byName">
           
    <context:component-scan base-package="com" />
    <!-- 添加注解驱动 -->
    <mvc:annotation-driven />

    <!--
    <bean class="org.springframework.web.servlet.mvc.support.ControllerClassNameHandlerMapping"/>
    <bean class="org.springframework.web.servlet.mvc.SimpleControllerHandlerAdapter"/>
    --> 
    <mvc:resources mapping="/js/**" location="/js/" cache-period="31556926"/>  
    <mvc:resources mapping="/css/**" location="/css/" cache-period="31556926"/> 
           
    <bean class="org.springframework.web.servlet.mvc.annotation.DefaultAnnotationHandlerMapping" />
    
    
    <bean class="org.springframework.web.servlet.mvc.annotation.AnnotationMethodHandlerAdapter">
        <property name="messageConverters">
            <list>
                <bean class="org.springframework.http.converter.json.MappingJacksonHttpMessageConverter" >
                    <property name="supportedMediaTypes">
                        <list>
                            <value>application/json;charset=UTF-8</value>
                            <value>application/x-www-form-urlencoded;charset=UTF-8</value>
                        </list>
                    </property>
                </bean>
            </list>
        </property>
        
    </bean>
    
    <bean class="org.springframework.web.servlet.mvc.HttpRequestHandlerAdapter"/>
    <bean id="urlMapping" class="org.springframework.web.servlet.handler.SimpleUrlHandlerMapping">
        <property name="mappings">
            <props>
                <prop key="index.htm">indexController</prop>
            </props>
        </property>
    </bean>

    <bean id="viewResolver"
          class="org.springframework.web.servlet.view.InternalResourceViewResolver"
          p:prefix="/WEB-INF/views/"
          p:suffix=".jsp" />

    <!--
    The index controller.
    -->
    
    <bean name="indexController"
          class="org.springframework.web.servlet.mvc.ParameterizableViewController"
          p:viewName="index" />
     <import resource="dubbo-provider.xml"/>     

</beans>
