<?xml version="1.0" encoding="UTF-8"?>
<beans xmlns="http://www.springframework.org/schema/beans"  
   xmlns:xsi="http://www.w3.org/2001/XMLSchema-instance"
       xmlns:mvc="http://www.springframework.org/schema/mvc"
       xmlns:p="http://www.springframework.org/schema/p"
       xmlns:aop="http://www.springframework.org/schema/aop"
       xmlns:tx="http://www.springframework.org/schema/tx"
       xsi:schemaLocation="http://www.springframework.org/schema/beans
       http://www.springframework.org/schema/beans/spring-beans-3.0.xsd
       http://www.springframework.org/schema/aop 
       http://www.springframework.org/schema/aop/spring-aop-3.0.xsd
       http://www.springframework.org/schema/tx
       http://www.springframework.org/schema/tx/spring-tx-3.0.xsd
       http://www.springframework.org/schema/context 
       http://www.springframework.org/schema/context/spring-context-3.0.xsd
       http://www.springframework.org/schema/mvc  
       http://www.springframework.org/schema/mvc/spring-mvc-3.0.xsd
	 http://www.springframework.org/schema/beans/spring-beans-3.2.xsd"
	 xmlns:context="http://www.springframework.org/schema/context">
 	
 	<!-- 自动扫描 -->  
    <context:component-scan base-package="com" />
 	<bean id="propertyConfigurer" class="org.springframework.beans.factory.config.PropertyPlaceholderConfigurer">
        <property name="locations">
            <list>
                <value>classpath:jdbc.properties</value>
            </list>
        </property>
    </bean>
    <import resource="classpath:db/common-db.xml"/>
	<!-- spring和MyBatis完美整合，不需要mybatis的配置映射文件 -->  
    <bean id="sqlSessionFactory" class="org.mybatis.spring.SqlSessionFactoryBean">  
        <property name="dataSource" ref="dataSource" />  
        <!-- 自动扫描mapping.xml文件    -->
        <property name="mapperLocations" value="classpath:com/my/order/mapper/*.xml"></property> 
    </bean>  
  
    <!-- DAO接口所在包名，Spring会自动查找其下的类 -->  
    <bean class="org.mybatis.spring.mapper.MapperScannerConfigurer">  
        <property name="basePackage" value="com.my.order.mapper" />  
        <property name="sqlSessionFactoryBeanName" value="sqlSessionFactory"></property>  
    </bean>  
  
    <!-- (事务管理)transaction manager, use JtaTransactionManager for global tx -->  
    <bean id="transactionManager"  
        class="org.springframework.jdbc.datasource.DataSourceTransactionManager">  
        <property name="dataSource" ref="dataSource" />  
    </bean>
</beans>